"","keyword","station","count","ID","total","Location","Date","loc_id"
"1","ALJAZAM","Aljazeera America",5,1,7,"MELBOURNE, AUSTRALIA","September, 2014","MELBOURNE, AUSTRALIA (September, 2014)"
"2","CNN","CNN",2,1,7,"MELBOURNE, AUSTRALIA","September, 2014","MELBOURNE, AUSTRALIA (September, 2014)"
"3","ALJAZAM","Aljazeera America",5,2,15,"TIZI OUZOU, ALGERIA","September, 2014","TIZI OUZOU, ALGERIA (September, 2014)"
"4","CNN","CNN",5,2,15,"TIZI OUZOU, ALGERIA","September, 2014","TIZI OUZOU, ALGERIA (September, 2014)"
"5","MSNBC","MSNBC",5,2,15,"TIZI OUZOU, ALGERIA","September, 2014","TIZI OUZOU, ALGERIA (September, 2014)"
"6","ALJAZAM","Aljazeera America",10,3,62,"QUEBEC, CANADA","October, 2014","QUEBEC, CANADA (October, 2014)"
"7","CNN","CNN",18,3,62,"QUEBEC, CANADA","October, 2014","QUEBEC, CANADA (October, 2014)"
"8","FBC","FOX Business",3,3,62,"QUEBEC, CANADA","October, 2014","QUEBEC, CANADA (October, 2014)"
"9","FOXNEWSW","FOX News",16,3,62,"QUEBEC, CANADA","October, 2014","QUEBEC, CANADA (October, 2014)"
"10","MSNBC","MSNBC",15,3,62,"QUEBEC, CANADA","October, 2014","QUEBEC, CANADA (October, 2014)"
"11","ALJAZAM","Aljazeera America",74,4,464,"OTTAWA, CANADA","October, 2014","OTTAWA, CANADA (October, 2014)"
"12","BLOOMBERG","Bloomberg",9,4,464,"OTTAWA, CANADA","October, 2014","OTTAWA, CANADA (October, 2014)"
"13","CNBC","CNBC",6,4,464,"OTTAWA, CANADA","October, 2014","OTTAWA, CANADA (October, 2014)"
"14","CNN","CNN",179,4,464,"OTTAWA, CANADA","October, 2014","OTTAWA, CANADA (October, 2014)"
"15","FBC","FOX Business",32,4,464,"OTTAWA, CANADA","October, 2014","OTTAWA, CANADA (October, 2014)"
"16","FOXNEWSW","FOX News",80,4,464,"OTTAWA, CANADA","October, 2014","OTTAWA, CANADA (October, 2014)"
"17","MSNBC","MSNBC",84,4,464,"OTTAWA, CANADA","October, 2014","OTTAWA, CANADA (October, 2014)"
"18","ALJAZAM","Aljazeera America",14,5,265,"NEW YORK CITY, NY, USA","October, 2014","NEW YORK CITY, NY, USA (October, 2014)"
"19","CNBC","CNBC",3,5,265,"NEW YORK CITY, NY, USA","October, 2014","NEW YORK CITY, NY, USA (October, 2014)"
"20","CNN","CNN",106,5,265,"NEW YORK CITY, NY, USA","October, 2014","NEW YORK CITY, NY, USA (October, 2014)"
"21","FBC","FOX Business",7,5,265,"NEW YORK CITY, NY, USA","October, 2014","NEW YORK CITY, NY, USA (October, 2014)"
"22","FOXNEWSW","FOX News",102,5,265,"NEW YORK CITY, NY, USA","October, 2014","NEW YORK CITY, NY, USA (October, 2014)"
"23","MSNBC","MSNBC",33,5,265,"NEW YORK CITY, NY, USA","October, 2014","NEW YORK CITY, NY, USA (October, 2014)"
"24","ALJAZAM","Aljazeera America",4,6,16,"RIYADH, SAUDI ARABIA","November, 2014","RIYADH, SAUDI ARABIA (November, 2014)"
"25","BLOOMBERG","Bloomberg",2,6,16,"RIYADH, SAUDI ARABIA","November, 2014","RIYADH, SAUDI ARABIA (November, 2014)"
"26","CNBC","CNBC",2,6,16,"RIYADH, SAUDI ARABIA","November, 2014","RIYADH, SAUDI ARABIA (November, 2014)"
"27","CNN","CNN",3,6,16,"RIYADH, SAUDI ARABIA","November, 2014","RIYADH, SAUDI ARABIA (November, 2014)"
"28","FOXNEWSW","FOX News",5,6,16,"RIYADH, SAUDI ARABIA","November, 2014","RIYADH, SAUDI ARABIA (November, 2014)"
"29","ALJAZAM","Aljazeera America",4,7,42,"ABU DHABI, UAE","December, 2014","ABU DHABI, UAE (December, 2014)"
"30","BLOOMBERG","Bloomberg",1,7,42,"ABU DHABI, UAE","December, 2014","ABU DHABI, UAE (December, 2014)"
"31","CNN","CNN",13,7,42,"ABU DHABI, UAE","December, 2014","ABU DHABI, UAE (December, 2014)"
"32","FOXNEWSW","FOX News",7,7,42,"ABU DHABI, UAE","December, 2014","ABU DHABI, UAE (December, 2014)"
"33","MSNBC","MSNBC",17,7,42,"ABU DHABI, UAE","December, 2014","ABU DHABI, UAE (December, 2014)"
"34","ALJAZAM","Aljazeera America",71,8,325,"SYDNEY, AUSTRALIA","December, 2014","SYDNEY, AUSTRALIA (December, 2014)"
"35","BLOOMBERG","Bloomberg",10,8,325,"SYDNEY, AUSTRALIA","December, 2014","SYDNEY, AUSTRALIA (December, 2014)"
"36","CNBC","CNBC",6,8,325,"SYDNEY, AUSTRALIA","December, 2014","SYDNEY, AUSTRALIA (December, 2014)"
"37","CNN","CNN",155,8,325,"SYDNEY, AUSTRALIA","December, 2014","SYDNEY, AUSTRALIA (December, 2014)"
"38","FBC","FOX Business",9,8,325,"SYDNEY, AUSTRALIA","December, 2014","SYDNEY, AUSTRALIA (December, 2014)"
"39","FOXNEWSW","FOX News",50,8,325,"SYDNEY, AUSTRALIA","December, 2014","SYDNEY, AUSTRALIA (December, 2014)"
"40","MSNBC","MSNBC",24,8,325,"SYDNEY, AUSTRALIA","December, 2014","SYDNEY, AUSTRALIA (December, 2014)"
"41","CNN","CNN",4,9,7,"TOURS, FRANCE","December, 2014","TOURS, FRANCE (December, 2014)"
"42","FOXNEWSW","FOX News",1,9,7,"TOURS, FRANCE","December, 2014","TOURS, FRANCE (December, 2014)"
"43","MSNBC","MSNBC",2,9,7,"TOURS, FRANCE","December, 2014","TOURS, FRANCE (December, 2014)"
"44","ALJAZAM","Aljazeera America",1047,10,5167,"PARIS, FRANCE","January, 2015","PARIS, FRANCE (January, 2015)"
"45","BLOOMBERG","Bloomberg",272,10,5167,"PARIS, FRANCE","January, 2015","PARIS, FRANCE (January, 2015)"
"46","CNBC","CNBC",170,10,5167,"PARIS, FRANCE","January, 2015","PARIS, FRANCE (January, 2015)"
"47","CNN","CNN",1805,10,5167,"PARIS, FRANCE","January, 2015","PARIS, FRANCE (January, 2015)"
"48","FBC","FOX Business",145,10,5167,"PARIS, FRANCE","January, 2015","PARIS, FRANCE (January, 2015)"
"49","FOXNEWSW","FOX News",626,10,5167,"PARIS, FRANCE","January, 2015","PARIS, FRANCE (January, 2015)"
"50","MSNBC","MSNBC",1102,10,5167,"PARIS, FRANCE","January, 2015","PARIS, FRANCE (January, 2015)"
"51","ALJAZAM","Aljazeera America",61,11,146,"TRIPOLI, LIBYA","January, 2015","TRIPOLI, LIBYA (January, 2015)"
"52","BLOOMBERG","Bloomberg",2,11,146,"TRIPOLI, LIBYA","January, 2015","TRIPOLI, LIBYA (January, 2015)"
"53","CNN","CNN",62,11,146,"TRIPOLI, LIBYA","January, 2015","TRIPOLI, LIBYA (January, 2015)"
"54","FBC","FOX Business",2,11,146,"TRIPOLI, LIBYA","January, 2015","TRIPOLI, LIBYA (January, 2015)"
"55","FOXNEWSW","FOX News",18,11,146,"TRIPOLI, LIBYA","January, 2015","TRIPOLI, LIBYA (January, 2015)"
"56","MSNBC","MSNBC",1,11,146,"TRIPOLI, LIBYA","January, 2015","TRIPOLI, LIBYA (January, 2015)"
"57","ALJAZAM","Aljazeera America",5,12,10,"RIYADH, SAUDI ARABIA","January, 2015","RIYADH, SAUDI ARABIA (January, 2015)"
"58","CNN","CNN",2,12,10,"RIYADH, SAUDI ARABIA","January, 2015","RIYADH, SAUDI ARABIA (January, 2015)"
"59","FOXNEWSW","FOX News",2,12,10,"RIYADH, SAUDI ARABIA","January, 2015","RIYADH, SAUDI ARABIA (January, 2015)"
"60","MSNBC","MSNBC",1,12,10,"RIYADH, SAUDI ARABIA","January, 2015","RIYADH, SAUDI ARABIA (January, 2015)"
"61","ALJAZAM","Aljazeera America",16,13,65,"NICE, FRANCE","February, 2015","NICE, FRANCE (February, 2015)"
"62","BLOOMBERG","Bloomberg",4,13,65,"NICE, FRANCE","February, 2015","NICE, FRANCE (February, 2015)"
"63","CNBC","CNBC",2,13,65,"NICE, FRANCE","February, 2015","NICE, FRANCE (February, 2015)"
"64","CNN","CNN",16,13,65,"NICE, FRANCE","February, 2015","NICE, FRANCE (February, 2015)"
"65","FOXNEWSW","FOX News",16,13,65,"NICE, FRANCE","February, 2015","NICE, FRANCE (February, 2015)"
"66","MSNBC","MSNBC",11,13,65,"NICE, FRANCE","February, 2015","NICE, FRANCE (February, 2015)"
"67","ALJAZAM","Aljazeera America",90,14,443,"COPENHAGEN, DENMARK","February, 2015","COPENHAGEN, DENMARK (February, 2015)"
"68","BLOOMBERG","Bloomberg",10,14,443,"COPENHAGEN, DENMARK","February, 2015","COPENHAGEN, DENMARK (February, 2015)"
"69","CNBC","CNBC",2,14,443,"COPENHAGEN, DENMARK","February, 2015","COPENHAGEN, DENMARK (February, 2015)"
"70","CNN","CNN",220,14,443,"COPENHAGEN, DENMARK","February, 2015","COPENHAGEN, DENMARK (February, 2015)"
"71","FOXNEWSW","FOX News",55,14,443,"COPENHAGEN, DENMARK","February, 2015","COPENHAGEN, DENMARK (February, 2015)"
"72","MSNBC","MSNBC",66,14,443,"COPENHAGEN, DENMARK","February, 2015","COPENHAGEN, DENMARK (February, 2015)"
"73","ALJAZAM","Aljazeera America",109,15,196,"TUNIS, TUNISIA","March, 2015","TUNIS, TUNISIA (March, 2015)"
"74","CNN","CNN",68,15,196,"TUNIS, TUNISIA","March, 2015","TUNIS, TUNISIA (March, 2015)"
"75","MSNBC","MSNBC",19,15,196,"TUNIS, TUNISIA","March, 2015","TUNIS, TUNISIA (March, 2015)"
"76","ALJAZAM","Aljazeera America",2,16,11,"KARACHI, PAKISTAN","April, 2015","KARACHI, PAKISTAN (April, 2015)"
"77","CNN","CNN",8,16,11,"KARACHI, PAKISTAN","April, 2015","KARACHI, PAKISTAN (April, 2015)"
"78","FOXNEWSW","FOX News",1,16,11,"KARACHI, PAKISTAN","April, 2015","KARACHI, PAKISTAN (April, 2015)"
"79","ALJAZAM","Aljazeera America",28,17,114,"PARIS, FRANCE","April, 2015","PARIS, FRANCE (April, 2015)"
"80","BLOOMBERG","Bloomberg",14,17,114,"PARIS, FRANCE","April, 2015","PARIS, FRANCE (April, 2015)"
"81","CNBC","CNBC",3,17,114,"PARIS, FRANCE","April, 2015","PARIS, FRANCE (April, 2015)"
"82","CNN","CNN",24,17,114,"PARIS, FRANCE","April, 2015","PARIS, FRANCE (April, 2015)"
"83","FBC","FOX Business",2,17,114,"PARIS, FRANCE","April, 2015","PARIS, FRANCE (April, 2015)"
"84","FOXNEWSW","FOX News",18,17,114,"PARIS, FRANCE","April, 2015","PARIS, FRANCE (April, 2015)"
"85","MSNBC","MSNBC",25,17,114,"PARIS, FRANCE","April, 2015","PARIS, FRANCE (April, 2015)"
"86","ALJAZAM","Aljazeera America",2,18,2,"ZVORNIK, BOSNIA","April, 2015","ZVORNIK, BOSNIA (April, 2015)"
"87","ALJAZAM","Aljazeera America",13,19,421,"GARLAND, TX, USA","May, 2015","GARLAND, TX, USA (May, 2015)"
"88","BLOOMBERG","Bloomberg",7,19,421,"GARLAND, TX, USA","May, 2015","GARLAND, TX, USA (May, 2015)"
"89","CNBC","CNBC",2,19,421,"GARLAND, TX, USA","May, 2015","GARLAND, TX, USA (May, 2015)"
"90","CNN","CNN",190,19,421,"GARLAND, TX, USA","May, 2015","GARLAND, TX, USA (May, 2015)"
"91","FBC","FOX Business",25,19,421,"GARLAND, TX, USA","May, 2015","GARLAND, TX, USA (May, 2015)"
"92","FOXNEWSW","FOX News",81,19,421,"GARLAND, TX, USA","May, 2015","GARLAND, TX, USA (May, 2015)"
"93","MSNBC","MSNBC",103,19,421,"GARLAND, TX, USA","May, 2015","GARLAND, TX, USA (May, 2015)"
"94","ALJAZAM","Aljazeera America",45,20,411,"BOSTON, MA, USA","June, 2015","BOSTON, MA, USA (June, 2015)"
"95","BLOOMBERG","Bloomberg",3,20,411,"BOSTON, MA, USA","June, 2015","BOSTON, MA, USA (June, 2015)"
"96","CNBC","CNBC",1,20,411,"BOSTON, MA, USA","June, 2015","BOSTON, MA, USA (June, 2015)"
"97","CNN","CNN",147,20,411,"BOSTON, MA, USA","June, 2015","BOSTON, MA, USA (June, 2015)"
"98","FBC","FOX Business",11,20,411,"BOSTON, MA, USA","June, 2015","BOSTON, MA, USA (June, 2015)"
"99","FOXNEWSW","FOX News",74,20,411,"BOSTON, MA, USA","June, 2015","BOSTON, MA, USA (June, 2015)"
"100","MSNBC","MSNBC",130,20,411,"BOSTON, MA, USA","June, 2015","BOSTON, MA, USA (June, 2015)"
"101","ALJAZAM","Aljazeera America",110,21,131,"EL GORA (AL JURAH), EGYPT","June, 2015","EL GORA (AL JURAH), EGYPT (June, 2015)"
"102","BLOOMBERG","Bloomberg",1,21,131,"EL GORA (AL JURAH), EGYPT","June, 2015","EL GORA (AL JURAH), EGYPT (June, 2015)"
"103","CNBC","CNBC",1,21,131,"EL GORA (AL JURAH), EGYPT","June, 2015","EL GORA (AL JURAH), EGYPT (June, 2015)"
"104","CNN","CNN",16,21,131,"EL GORA (AL JURAH), EGYPT","June, 2015","EL GORA (AL JURAH), EGYPT (June, 2015)"
"105","FBC","FOX Business",1,21,131,"EL GORA (AL JURAH), EGYPT","June, 2015","EL GORA (AL JURAH), EGYPT (June, 2015)"
"106","FOXNEWSW","FOX News",1,21,131,"EL GORA (AL JURAH), EGYPT","June, 2015","EL GORA (AL JURAH), EGYPT (June, 2015)"
"107","MSNBC","MSNBC",1,21,131,"EL GORA (AL JURAH), EGYPT","June, 2015","EL GORA (AL JURAH), EGYPT (June, 2015)"
"108","ALJAZAM","Aljazeera America",6,22,10,"LUXOR, EGYPT","June, 2015","LUXOR, EGYPT (June, 2015)"
"109","CNN","CNN",1,22,10,"LUXOR, EGYPT","June, 2015","LUXOR, EGYPT (June, 2015)"
"110","FOXNEWSW","FOX News",1,22,10,"LUXOR, EGYPT","June, 2015","LUXOR, EGYPT (June, 2015)"
"111","MSNBC","MSNBC",2,22,10,"LUXOR, EGYPT","June, 2015","LUXOR, EGYPT (June, 2015)"
"112","ALJAZAM","Aljazeera America",30,23,53,"SOUSSE, TUNISIA","June, 2015","SOUSSE, TUNISIA (June, 2015)"
"113","CNN","CNN",21,23,53,"SOUSSE, TUNISIA","June, 2015","SOUSSE, TUNISIA (June, 2015)"
"114","MSNBC","MSNBC",2,23,53,"SOUSSE, TUNISIA","June, 2015","SOUSSE, TUNISIA (June, 2015)"
"115","ALJAZAM","Aljazeera America",1,24,54,"LYON, FRANCE","June, 2015","LYON, FRANCE (June, 2015)"
"116","BLOOMBERG","Bloomberg",24,24,54,"LYON, FRANCE","June, 2015","LYON, FRANCE (June, 2015)"
"117","CNN","CNN",18,24,54,"LYON, FRANCE","June, 2015","LYON, FRANCE (June, 2015)"
"118","FBC","FOX Business",4,24,54,"LYON, FRANCE","June, 2015","LYON, FRANCE (June, 2015)"
"119","MSNBC","MSNBC",7,24,54,"LYON, FRANCE","June, 2015","LYON, FRANCE (June, 2015)"
"120","ALJAZAM","Aljazeera America",41,25,69,"CAIRO, EGYPT","July, 2015","CAIRO, EGYPT (July, 2015)"
"121","BLOOMBERG","Bloomberg",2,25,69,"CAIRO, EGYPT","July, 2015","CAIRO, EGYPT (July, 2015)"
"122","CNN","CNN",20,25,69,"CAIRO, EGYPT","July, 2015","CAIRO, EGYPT (July, 2015)"
"123","FOXNEWSW","FOX News",5,25,69,"CAIRO, EGYPT","July, 2015","CAIRO, EGYPT (July, 2015)"
"124","MSNBC","MSNBC",1,25,69,"CAIRO, EGYPT","July, 2015","CAIRO, EGYPT (July, 2015)"
"125","ALJAZAM","Aljazeera America",41,26,69,"CAIRO, EGYPT","July, 2015","CAIRO, EGYPT (July, 2015)"
"126","BLOOMBERG","Bloomberg",2,26,69,"CAIRO, EGYPT","July, 2015","CAIRO, EGYPT (July, 2015)"
"127","CNN","CNN",20,26,69,"CAIRO, EGYPT","July, 2015","CAIRO, EGYPT (July, 2015)"
"128","FOXNEWSW","FOX News",5,26,69,"CAIRO, EGYPT","July, 2015","CAIRO, EGYPT (July, 2015)"
"129","MSNBC","MSNBC",1,26,69,"CAIRO, EGYPT","July, 2015","CAIRO, EGYPT (July, 2015)"
"130","ALJAZAM","Aljazeera America",48,27,269,"PARIS, FRANCE","August, 2015","PARIS, FRANCE (August, 2015)"
"131","BLOOMBERG","Bloomberg",2,27,269,"PARIS, FRANCE","August, 2015","PARIS, FRANCE (August, 2015)"
"132","CNBC","CNBC",5,27,269,"PARIS, FRANCE","August, 2015","PARIS, FRANCE (August, 2015)"
"133","CNN","CNN",109,27,269,"PARIS, FRANCE","August, 2015","PARIS, FRANCE (August, 2015)"
"134","FBC","FOX Business",2,27,269,"PARIS, FRANCE","August, 2015","PARIS, FRANCE (August, 2015)"
"135","FOXNEWSW","FOX News",32,27,269,"PARIS, FRANCE","August, 2015","PARIS, FRANCE (August, 2015)"
"136","MSNBC","MSNBC",71,27,269,"PARIS, FRANCE","August, 2015","PARIS, FRANCE (August, 2015)"
"137","ALJAZAM","Aljazeera America",44,28,54,"EL GORA, EGYPT","September, 2015","EL GORA, EGYPT (September, 2015)"
"138","BLOOMBERG","Bloomberg",1,28,54,"EL GORA, EGYPT","September, 2015","EL GORA, EGYPT (September, 2015)"
"139","CNBC","CNBC",2,28,54,"EL GORA, EGYPT","September, 2015","EL GORA, EGYPT (September, 2015)"
"140","CNN","CNN",6,28,54,"EL GORA, EGYPT","September, 2015","EL GORA, EGYPT (September, 2015)"
"141","FOXNEWSW","FOX News",1,28,54,"EL GORA, EGYPT","September, 2015","EL GORA, EGYPT (September, 2015)"
"142","ALJAZAM","Aljazeera America",2,29,3,"DHAKA, BANGLADESH","September, 2015","DHAKA, BANGLADESH (September, 2015)"
"143","FBC","FOX Business",1,29,3,"DHAKA, BANGLADESH","September, 2015","DHAKA, BANGLADESH (September, 2015)"
"144","","",0,30,0,"COPENHAGEN, DENMARK","September, 2015","COPENHAGEN, DENMARK (September, 2015)"
"145","ALJAZAM","Aljazeera America",6,31,45,"EL GORA, EGYPT","October, 2015","EL GORA, EGYPT (October, 2015)"
"146","CNN","CNN",7,31,45,"EL GORA, EGYPT","October, 2015","EL GORA, EGYPT (October, 2015)"
"147","FBC","FOX Business",7,31,45,"EL GORA, EGYPT","October, 2015","EL GORA, EGYPT (October, 2015)"
"148","FOXNEWSW","FOX News",21,31,45,"EL GORA, EGYPT","October, 2015","EL GORA, EGYPT (October, 2015)"
"149","MSNBC","MSNBC",4,31,45,"EL GORA, EGYPT","October, 2015","EL GORA, EGYPT (October, 2015)"
"150","ALJAZAM","Aljazeera America",22,32,31,"PARRAMATTA, AUSTRALIA","October, 2015","PARRAMATTA, AUSTRALIA (October, 2015)"
"151","BLOOMBERG","Bloomberg",1,32,31,"PARRAMATTA, AUSTRALIA","October, 2015","PARRAMATTA, AUSTRALIA (October, 2015)"
"152","CNN","CNN",4,32,31,"PARRAMATTA, AUSTRALIA","October, 2015","PARRAMATTA, AUSTRALIA (October, 2015)"
"153","FBC","FOX Business",2,32,31,"PARRAMATTA, AUSTRALIA","October, 2015","PARRAMATTA, AUSTRALIA (October, 2015)"
"154","FOXNEWSW","FOX News",2,32,31,"PARRAMATTA, AUSTRALIA","October, 2015","PARRAMATTA, AUSTRALIA (October, 2015)"
"155","ALJAZAM","Aljazeera America",20,33,21,"RANGPUR, BANGLADESH","October, 2015","RANGPUR, BANGLADESH (October, 2015)"
"156","CNN","CNN",1,33,21,"RANGPUR, BANGLADESH","October, 2015","RANGPUR, BANGLADESH (October, 2015)"
"157","ALJAZAM","Aljazeera America",6,34,45,"HASANAH, EGYPT","October, 2015","HASANAH, EGYPT (October, 2015)"
"158","CNN","CNN",7,34,45,"HASANAH, EGYPT","October, 2015","HASANAH, EGYPT (October, 2015)"
"159","FBC","FOX Business",7,34,45,"HASANAH, EGYPT","October, 2015","HASANAH, EGYPT (October, 2015)"
"160","FOXNEWSW","FOX News",21,34,45,"HASANAH, EGYPT","October, 2015","HASANAH, EGYPT (October, 2015)"
"161","MSNBC","MSNBC",4,34,45,"HASANAH, EGYPT","October, 2015","HASANAH, EGYPT (October, 2015)"
"162","CNN","CNN",1,35,2,"MERCED, CA, US","November, 2015","MERCED, CA, US (November, 2015)"
"163","FOXNEWSW","FOX News",1,35,2,"MERCED, CA, US","November, 2015","MERCED, CA, US (November, 2015)"
"164","ALJAZAM","Aljazeera America",965,36,6250,"PARIS, FRANCE","November, 2015","PARIS, FRANCE (November, 2015)"
"165","BLOOMBERG","Bloomberg",409,36,6250,"PARIS, FRANCE","November, 2015","PARIS, FRANCE (November, 2015)"
"166","CNBC","CNBC",181,36,6250,"PARIS, FRANCE","November, 2015","PARIS, FRANCE (November, 2015)"
"167","CNN","CNN",1976,36,6250,"PARIS, FRANCE","November, 2015","PARIS, FRANCE (November, 2015)"
"168","FBC","FOX Business",556,36,6250,"PARIS, FRANCE","November, 2015","PARIS, FRANCE (November, 2015)"
"169","FOXNEWSW","FOX News",802,36,6250,"PARIS, FRANCE","November, 2015","PARIS, FRANCE (November, 2015)"
"170","MSNBC","MSNBC",1361,36,6250,"PARIS, FRANCE","November, 2015","PARIS, FRANCE (November, 2015)"
"171","ALJAZAM","Aljazeera America",19,37,29,"DINAJPUR, BANGLADESH","November, 2015","DINAJPUR, BANGLADESH (November, 2015)"
"172","CNN","CNN",9,37,29,"DINAJPUR, BANGLADESH","November, 2015","DINAJPUR, BANGLADESH (November, 2015)"
"173","FOXNEWSW","FOX News",1,37,29,"DINAJPUR, BANGLADESH","November, 2015","DINAJPUR, BANGLADESH (November, 2015)"
"174","CNN","CNN",2,38,2,"RAJLOVAC, BOSNIA","December, 2015","RAJLOVAC, BOSNIA (December, 2015)"
"175","ALJAZAM","Aljazeera America",13,39,80,"SAN BERNADINO, CA, US","December, 2015","SAN BERNADINO, CA, US (December, 2015)"
"176","BLOOMBERG","Bloomberg",1,39,80,"SAN BERNADINO, CA, US","December, 2015","SAN BERNADINO, CA, US (December, 2015)"
"177","CNBC","CNBC",2,39,80,"SAN BERNADINO, CA, US","December, 2015","SAN BERNADINO, CA, US (December, 2015)"
"178","CNN","CNN",21,39,80,"SAN BERNADINO, CA, US","December, 2015","SAN BERNADINO, CA, US (December, 2015)"
"179","FOXNEWSW","FOX News",26,39,80,"SAN BERNADINO, CA, US","December, 2015","SAN BERNADINO, CA, US (December, 2015)"
"180","MSNBC","MSNBC",17,39,80,"SAN BERNADINO, CA, US","December, 2015","SAN BERNADINO, CA, US (December, 2015)"
"181","ALJAZAM","Aljazeera America",75,40,279,"LONDON, ENGLAND, UK","December, 2015","LONDON, ENGLAND, UK (December, 2015)"
"182","BLOOMBERG","Bloomberg",11,40,279,"LONDON, ENGLAND, UK","December, 2015","LONDON, ENGLAND, UK (December, 2015)"
"183","CNBC","CNBC",22,40,279,"LONDON, ENGLAND, UK","December, 2015","LONDON, ENGLAND, UK (December, 2015)"
"184","CNN","CNN",88,40,279,"LONDON, ENGLAND, UK","December, 2015","LONDON, ENGLAND, UK (December, 2015)"
"185","FBC","FOX Business",13,40,279,"LONDON, ENGLAND, UK","December, 2015","LONDON, ENGLAND, UK (December, 2015)"
"186","FOXNEWSW","FOX News",30,40,279,"LONDON, ENGLAND, UK","December, 2015","LONDON, ENGLAND, UK (December, 2015)"
"187","MSNBC","MSNBC",40,40,279,"LONDON, ENGLAND, UK","December, 2015","LONDON, ENGLAND, UK (December, 2015)"
"188","ALJAZAM","Aljazeera America",130,41,232,"DERBENT, RUSSIA","December, 2015","DERBENT, RUSSIA (December, 2015)"
"189","BLOOMBERG","Bloomberg",19,41,232,"DERBENT, RUSSIA","December, 2015","DERBENT, RUSSIA (December, 2015)"
"190","CNBC","CNBC",4,41,232,"DERBENT, RUSSIA","December, 2015","DERBENT, RUSSIA (December, 2015)"
"191","CNN","CNN",31,41,232,"DERBENT, RUSSIA","December, 2015","DERBENT, RUSSIA (December, 2015)"
"192","FBC","FOX Business",18,41,232,"DERBENT, RUSSIA","December, 2015","DERBENT, RUSSIA (December, 2015)"
"193","FOXNEWSW","FOX News",10,41,232,"DERBENT, RUSSIA","December, 2015","DERBENT, RUSSIA (December, 2015)"
"194","MSNBC","MSNBC",20,41,232,"DERBENT, RUSSIA","December, 2015","DERBENT, RUSSIA (December, 2015)"
"195","ALJAZAM","Aljazeera America",3,42,8,"CAIRO, EGYPT","January, 2016","CAIRO, EGYPT (January, 2016)"
"196","CNBC","CNBC",1,42,8,"CAIRO, EGYPT","January, 2016","CAIRO, EGYPT (January, 2016)"
"197","CNN","CNN",4,42,8,"CAIRO, EGYPT","January, 2016","CAIRO, EGYPT (January, 2016)"
"198","ALJAZAM","Aljazeera America",130,43,635,"PARIS, FRANCE","January, 2016","PARIS, FRANCE (January, 2016)"
"199","BLOOMBERG","Bloomberg",28,43,635,"PARIS, FRANCE","January, 2016","PARIS, FRANCE (January, 2016)"
"200","CNBC","CNBC",11,43,635,"PARIS, FRANCE","January, 2016","PARIS, FRANCE (January, 2016)"
"201","CNN","CNN",274,43,635,"PARIS, FRANCE","January, 2016","PARIS, FRANCE (January, 2016)"
"202","FBC","FOX Business",43,43,635,"PARIS, FRANCE","January, 2016","PARIS, FRANCE (January, 2016)"
"203","FOXNEWSW","FOX News",85,43,635,"PARIS, FRANCE","January, 2016","PARIS, FRANCE (January, 2016)"
"204","MSNBC","MSNBC",64,43,635,"PARIS, FRANCE","January, 2016","PARIS, FRANCE (January, 2016)"
"205","ALJAZAM","Aljazeera America",10,44,149,"PHILADELPHIA, PENNSYLVANIA","January, 2016","PHILADELPHIA, PENNSYLVANIA (January, 2016)"
"206","CNBC","CNBC",3,44,149,"PHILADELPHIA, PENNSYLVANIA","January, 2016","PHILADELPHIA, PENNSYLVANIA (January, 2016)"
"207","CNN","CNN",72,44,149,"PHILADELPHIA, PENNSYLVANIA","January, 2016","PHILADELPHIA, PENNSYLVANIA (January, 2016)"
"208","FBC","FOX Business",23,44,149,"PHILADELPHIA, PENNSYLVANIA","January, 2016","PHILADELPHIA, PENNSYLVANIA (January, 2016)"
"209","FOXNEWSW","FOX News",30,44,149,"PHILADELPHIA, PENNSYLVANIA","January, 2016","PHILADELPHIA, PENNSYLVANIA (January, 2016)"
"210","MSNBC","MSNBC",11,44,149,"PHILADELPHIA, PENNSYLVANIA","January, 2016","PHILADELPHIA, PENNSYLVANIA (January, 2016)"
"211","CNN","CNN",2,45,2,"HURGHADA, EGYPT","January, 2016","HURGHADA, EGYPT (January, 2016)"
"212","CNN","CNN",1,46,2,"MARSEILLES, FRANCE","January, 2016","MARSEILLES, FRANCE (January, 2016)"
"213","FBC","FOX Business",1,46,2,"MARSEILLES, FRANCE","January, 2016","MARSEILLES, FRANCE (January, 2016)"
"214","ALJAZAM","Aljazeera America",245,47,346,"ISTANBUL, TURKEY","January, 2016","ISTANBUL, TURKEY (January, 2016)"
"215","BLOOMBERG","Bloomberg",15,47,346,"ISTANBUL, TURKEY","January, 2016","ISTANBUL, TURKEY (January, 2016)"
"216","CNBC","CNBC",6,47,346,"ISTANBUL, TURKEY","January, 2016","ISTANBUL, TURKEY (January, 2016)"
"217","CNN","CNN",41,47,346,"ISTANBUL, TURKEY","January, 2016","ISTANBUL, TURKEY (January, 2016)"
"218","FBC","FOX Business",9,47,346,"ISTANBUL, TURKEY","January, 2016","ISTANBUL, TURKEY (January, 2016)"
"219","FOXNEWSW","FOX News",5,47,346,"ISTANBUL, TURKEY","January, 2016","ISTANBUL, TURKEY (January, 2016)"
"220","MSNBC","MSNBC",25,47,346,"ISTANBUL, TURKEY","January, 2016","ISTANBUL, TURKEY (January, 2016)"
"221","ALJAZAM","Aljazeera America",270,48,507,"JAKARTA, INDONESIA","January, 2016","JAKARTA, INDONESIA (January, 2016)"
"222","BLOOMBERG","Bloomberg",35,48,507,"JAKARTA, INDONESIA","January, 2016","JAKARTA, INDONESIA (January, 2016)"
"223","CNBC","CNBC",8,48,507,"JAKARTA, INDONESIA","January, 2016","JAKARTA, INDONESIA (January, 2016)"
"224","CNN","CNN",147,48,507,"JAKARTA, INDONESIA","January, 2016","JAKARTA, INDONESIA (January, 2016)"
"225","FBC","FOX Business",14,48,507,"JAKARTA, INDONESIA","January, 2016","JAKARTA, INDONESIA (January, 2016)"
"226","FOXNEWSW","FOX News",7,48,507,"JAKARTA, INDONESIA","January, 2016","JAKARTA, INDONESIA (January, 2016)"
"227","MSNBC","MSNBC",26,48,507,"JAKARTA, INDONESIA","January, 2016","JAKARTA, INDONESIA (January, 2016)"
"228","ALJAZAM","Aljazeera America",1,49,39,"COLUMBUS, OH, US","February, 2016","COLUMBUS, OH, US (February, 2016)"
"229","CNBC","CNBC",1,49,39,"COLUMBUS, OH, US","February, 2016","COLUMBUS, OH, US (February, 2016)"
"230","CNN","CNN",15,49,39,"COLUMBUS, OH, US","February, 2016","COLUMBUS, OH, US (February, 2016)"
"231","FBC","FOX Business",4,49,39,"COLUMBUS, OH, US","February, 2016","COLUMBUS, OH, US (February, 2016)"
"232","FOXNEWSW","FOX News",15,49,39,"COLUMBUS, OH, US","February, 2016","COLUMBUS, OH, US (February, 2016)"
"233","MSNBC","MSNBC",3,49,39,"COLUMBUS, OH, US","February, 2016","COLUMBUS, OH, US (February, 2016)"
"234","ALJAZAM","Aljazeera America",9,50,17,"HANOVER, GERMANY","February, 2016","HANOVER, GERMANY (February, 2016)"
"235","BLOOMBERG","Bloomberg",3,50,17,"HANOVER, GERMANY","February, 2016","HANOVER, GERMANY (February, 2016)"
"236","CNN","CNN",2,50,17,"HANOVER, GERMANY","February, 2016","HANOVER, GERMANY (February, 2016)"
"237","FBC","FOX Business",1,50,17,"HANOVER, GERMANY","February, 2016","HANOVER, GERMANY (February, 2016)"
"238","FOXNEWSW","FOX News",2,50,17,"HANOVER, GERMANY","February, 2016","HANOVER, GERMANY (February, 2016)"
"239","ALJAZAM","Aljazeera America",177,51,212,"ISTANBUL, TURKEY","March, 2016","ISTANBUL, TURKEY (March, 2016)"
"240","BLOOMBERG","Bloomberg",6,51,212,"ISTANBUL, TURKEY","March, 2016","ISTANBUL, TURKEY (March, 2016)"
"241","CNN","CNN",14,51,212,"ISTANBUL, TURKEY","March, 2016","ISTANBUL, TURKEY (March, 2016)"
"242","FBC","FOX Business",1,51,212,"ISTANBUL, TURKEY","March, 2016","ISTANBUL, TURKEY (March, 2016)"
"243","FOXNEWSW","FOX News",9,51,212,"ISTANBUL, TURKEY","March, 2016","ISTANBUL, TURKEY (March, 2016)"
"244","MSNBC","MSNBC",5,51,212,"ISTANBUL, TURKEY","March, 2016","ISTANBUL, TURKEY (March, 2016)"
"245","ALJAZAM","Aljazeera America",616,52,3728,"BRUSSELS, BELGIUM","March, 2016","BRUSSELS, BELGIUM (March, 2016)"
"246","BLOOMBERG","Bloomberg",346,52,3728,"BRUSSELS, BELGIUM","March, 2016","BRUSSELS, BELGIUM (March, 2016)"
"247","CNBC","CNBC",193,52,3728,"BRUSSELS, BELGIUM","March, 2016","BRUSSELS, BELGIUM (March, 2016)"
"248","CNN","CNN",973,52,3728,"BRUSSELS, BELGIUM","March, 2016","BRUSSELS, BELGIUM (March, 2016)"
"249","FBC","FOX Business",346,52,3728,"BRUSSELS, BELGIUM","March, 2016","BRUSSELS, BELGIUM (March, 2016)"
"250","FOXNEWSW","FOX News",607,52,3728,"BRUSSELS, BELGIUM","March, 2016","BRUSSELS, BELGIUM (March, 2016)"
"251","MSNBC","MSNBC",647,52,3728,"BRUSSELS, BELGIUM","March, 2016","BRUSSELS, BELGIUM (March, 2016)"
"252","ALJAZAM","Aljazeera America",5,53,32,"ESSEN, GERMANY","April, 2016","ESSEN, GERMANY (April, 2016)"
"253","BLOOMBERG","Bloomberg",6,53,32,"ESSEN, GERMANY","April, 2016","ESSEN, GERMANY (April, 2016)"
"254","CNN","CNN",8,53,32,"ESSEN, GERMANY","April, 2016","ESSEN, GERMANY (April, 2016)"
"255","FBC","FOX Business",8,53,32,"ESSEN, GERMANY","April, 2016","ESSEN, GERMANY (April, 2016)"
"256","FOXNEWSW","FOX News",3,53,32,"ESSEN, GERMANY","April, 2016","ESSEN, GERMANY (April, 2016)"
"257","MSNBC","MSNBC",2,53,32,"ESSEN, GERMANY","April, 2016","ESSEN, GERMANY (April, 2016)"
"258","BLOOMBERG","Bloomberg",136,54,3195,"ORLANDO, FL, US","June, 2016","ORLANDO, FL, US (June, 2016)"
"259","CNBC","CNBC",79,54,3195,"ORLANDO, FL, US","June, 2016","ORLANDO, FL, US (June, 2016)"
"260","CNN","CNN",1062,54,3195,"ORLANDO, FL, US","June, 2016","ORLANDO, FL, US (June, 2016)"
"261","FBC","FOX Business",346,54,3195,"ORLANDO, FL, US","June, 2016","ORLANDO, FL, US (June, 2016)"
"262","FOXNEWSW","FOX News",1039,54,3195,"ORLANDO, FL, US","June, 2016","ORLANDO, FL, US (June, 2016)"
"263","MSNBC","MSNBC",533,54,3195,"ORLANDO, FL, US","June, 2016","ORLANDO, FL, US (June, 2016)"
"264","CNN","CNN",1,55,4,"MAGNANVILLE, FRANCE","June, 2016","MAGNANVILLE, FRANCE (June, 2016)"
"265","MSNBC","MSNBC",3,55,4,"MAGNANVILLE, FRANCE","June, 2016","MAGNANVILLE, FRANCE (June, 2016)"
"266","BLOOMBERG","Bloomberg",2,56,16,"KABUL, AFGHANISTAN","June, 2016","KABUL, AFGHANISTAN (June, 2016)"
"267","CNBC","CNBC",4,56,16,"KABUL, AFGHANISTAN","June, 2016","KABUL, AFGHANISTAN (June, 2016)"
"268","CNN","CNN",9,56,16,"KABUL, AFGHANISTAN","June, 2016","KABUL, AFGHANISTAN (June, 2016)"
"269","MSNBC","MSNBC",1,56,16,"KABUL, AFGHANISTAN","June, 2016","KABUL, AFGHANISTAN (June, 2016)"
"270","BLOOMBERG","Bloomberg",50,57,1358,"ISTANBUL, TURKEY","June, 2016","ISTANBUL, TURKEY (June, 2016)"
"271","CNBC","CNBC",24,57,1358,"ISTANBUL, TURKEY","June, 2016","ISTANBUL, TURKEY (June, 2016)"
"272","CNN","CNN",531,57,1358,"ISTANBUL, TURKEY","June, 2016","ISTANBUL, TURKEY (June, 2016)"
"273","FBC","FOX Business",133,57,1358,"ISTANBUL, TURKEY","June, 2016","ISTANBUL, TURKEY (June, 2016)"
"274","FOXNEWSW","FOX News",238,57,1358,"ISTANBUL, TURKEY","June, 2016","ISTANBUL, TURKEY (June, 2016)"
"275","MSNBC","MSNBC",382,57,1358,"ISTANBUL, TURKEY","June, 2016","ISTANBUL, TURKEY (June, 2016)"
"276","BLOOMBERG","Bloomberg",4,58,178,"DHAKA, BANGLADESH","July, 2016","DHAKA, BANGLADESH (July, 2016)"
"277","CNN","CNN",90,58,178,"DHAKA, BANGLADESH","July, 2016","DHAKA, BANGLADESH (July, 2016)"
"278","FOXNEWSW","FOX News",33,58,178,"DHAKA, BANGLADESH","July, 2016","DHAKA, BANGLADESH (July, 2016)"
"279","MSNBC","MSNBC",51,58,178,"DHAKA, BANGLADESH","July, 2016","DHAKA, BANGLADESH (July, 2016)"
"280","BLOOMBERG","Bloomberg",251,59,1926,"NICE, FRANCE","July, 2016","NICE, FRANCE (July, 2016)"
"281","CNBC","CNBC",111,59,1926,"NICE, FRANCE","July, 2016","NICE, FRANCE (July, 2016)"
"282","CNN","CNN",587,59,1926,"NICE, FRANCE","July, 2016","NICE, FRANCE (July, 2016)"
"283","FBC","FOX Business",153,59,1926,"NICE, FRANCE","July, 2016","NICE, FRANCE (July, 2016)"
"284","FOXNEWSW","FOX News",473,59,1926,"NICE, FRANCE","July, 2016","NICE, FRANCE (July, 2016)"
"285","MSNBC","MSNBC",351,59,1926,"NICE, FRANCE","July, 2016","NICE, FRANCE (July, 2016)"
"286","CNN","CNN",4,60,4,"WURZBURG, GERMANY","July, 2016","WURZBURG, GERMANY (July, 2016)"
"287","CNN","CNN",8,61,18,"ANSBACH, GERMANY","July, 2016","ANSBACH, GERMANY (July, 2016)"
"288","FOXNEWSW","FOX News",1,61,18,"ANSBACH, GERMANY","July, 2016","ANSBACH, GERMANY (July, 2016)"
"289","MSNBC","MSNBC",9,61,18,"ANSBACH, GERMANY","July, 2016","ANSBACH, GERMANY (July, 2016)"
"290","BLOOMBERG","Bloomberg",5,62,32,"NORMANDY, FRANCE","July, 2016","NORMANDY, FRANCE (July, 2016)"
"291","CNBC","CNBC",6,62,32,"NORMANDY, FRANCE","July, 2016","NORMANDY, FRANCE (July, 2016)"
"292","CNN","CNN",5,62,32,"NORMANDY, FRANCE","July, 2016","NORMANDY, FRANCE (July, 2016)"
"293","FBC","FOX Business",4,62,32,"NORMANDY, FRANCE","July, 2016","NORMANDY, FRANCE (July, 2016)"
"294","FOXNEWSW","FOX News",9,62,32,"NORMANDY, FRANCE","July, 2016","NORMANDY, FRANCE (July, 2016)"
"295","MSNBC","MSNBC",3,62,32,"NORMANDY, FRANCE","July, 2016","NORMANDY, FRANCE (July, 2016)"
"296","BLOOMBERG","Bloomberg",1,63,60,"CHALEROI, BELGIUM","August, 2016","CHALEROI, BELGIUM (August, 2016)"
"297","CNBC","CNBC",6,63,60,"CHALEROI, BELGIUM","August, 2016","CHALEROI, BELGIUM (August, 2016)"
"298","CNN","CNN",8,63,60,"CHALEROI, BELGIUM","August, 2016","CHALEROI, BELGIUM (August, 2016)"
"299","FBC","FOX Business",6,63,60,"CHALEROI, BELGIUM","August, 2016","CHALEROI, BELGIUM (August, 2016)"
"300","FOXNEWSW","FOX News",39,63,60,"CHALEROI, BELGIUM","August, 2016","CHALEROI, BELGIUM (August, 2016)"
"301","FOXNEWSW","FOX News",2,64,2,"QUEENSLAND, AUSTRALIA","August, 2016","QUEENSLAND, AUSTRALIA (August, 2016)"
"302","","",0,65,0,"COPENHAGEN, DENMAKR","September, 2016","COPENHAGEN, DENMAKR (September, 2016)"
"303","BLOOMBERG","Bloomberg",2,66,129,"PARIS, FRANCE","September, 2016","PARIS, FRANCE (September, 2016)"
"304","CNBC","CNBC",3,66,129,"PARIS, FRANCE","September, 2016","PARIS, FRANCE (September, 2016)"
"305","CNN","CNN",71,66,129,"PARIS, FRANCE","September, 2016","PARIS, FRANCE (September, 2016)"
"306","FBC","FOX Business",5,66,129,"PARIS, FRANCE","September, 2016","PARIS, FRANCE (September, 2016)"
"307","FOXNEWSW","FOX News",40,66,129,"PARIS, FRANCE","September, 2016","PARIS, FRANCE (September, 2016)"
"308","MSNBC","MSNBC",8,66,129,"PARIS, FRANCE","September, 2016","PARIS, FRANCE (September, 2016)"
"309","CNN","CNN",4,67,6,"SYDNEY, AUSTRALIA","September, 2016","SYDNEY, AUSTRALIA (September, 2016)"
"310","FOXNEWSW","FOX News",2,67,6,"SYDNEY, AUSTRALIA","September, 2016","SYDNEY, AUSTRALIA (September, 2016)"
"311","CNBC","CNBC",4,68,111,"CLOUD, MN, US","September, 2016","CLOUD, MN, US (September, 2016)"
"312","CNN","CNN",36,68,111,"CLOUD, MN, US","September, 2016","CLOUD, MN, US (September, 2016)"
"313","FBC","FOX Business",7,68,111,"CLOUD, MN, US","September, 2016","CLOUD, MN, US (September, 2016)"
"314","FOXNEWSW","FOX News",37,68,111,"CLOUD, MN, US","September, 2016","CLOUD, MN, US (September, 2016)"
"315","MSNBC","MSNBC",27,68,111,"CLOUD, MN, US","September, 2016","CLOUD, MN, US (September, 2016)"
"316","BLOOMBERG","Bloomberg",47,69,837,"NEW YORK, NY; SEASIDE PARK AND ELIZABETH, NJ, US","September, 2016","NEW YORK, NY; SEASIDE PARK AND ELIZABETH, NJ, US (September, 2016)"
"317","CNBC","CNBC",24,69,837,"NEW YORK, NY; SEASIDE PARK AND ELIZABETH, NJ, US","September, 2016","NEW YORK, NY; SEASIDE PARK AND ELIZABETH, NJ, US (September, 2016)"
"318","CNN","CNN",241,69,837,"NEW YORK, NY; SEASIDE PARK AND ELIZABETH, NJ, US","September, 2016","NEW YORK, NY; SEASIDE PARK AND ELIZABETH, NJ, US (September, 2016)"
"319","FBC","FOX Business",58,69,837,"NEW YORK, NY; SEASIDE PARK AND ELIZABETH, NJ, US","September, 2016","NEW YORK, NY; SEASIDE PARK AND ELIZABETH, NJ, US (September, 2016)"
"320","FOXNEWSW","FOX News",281,69,837,"NEW YORK, NY; SEASIDE PARK AND ELIZABETH, NJ, US","September, 2016","NEW YORK, NY; SEASIDE PARK AND ELIZABETH, NJ, US (September, 2016)"
"321","MSNBC","MSNBC",186,69,837,"NEW YORK, NY; SEASIDE PARK AND ELIZABETH, NJ, US","September, 2016","NEW YORK, NY; SEASIDE PARK AND ELIZABETH, NJ, US (September, 2016)"
"322","BLOOMBERG","Bloomberg",9,70,21,"BRUSSELS, BELGIUM","October, 2016","BRUSSELS, BELGIUM (October, 2016)"
"323","FBC","FOX Business",6,70,21,"BRUSSELS, BELGIUM","October, 2016","BRUSSELS, BELGIUM (October, 2016)"
"324","FOXNEWSW","FOX News",4,70,21,"BRUSSELS, BELGIUM","October, 2016","BRUSSELS, BELGIUM (October, 2016)"
"325","MSNBC","MSNBC",2,70,21,"BRUSSELS, BELGIUM","October, 2016","BRUSSELS, BELGIUM (October, 2016)"
"326","ALJAZAM","Aljazeera America",53,71,76,"KUWAIT CITY, KUWAIT","","KUWAIT CITY, KUWAIT ()"
"327","CNN","CNN",15,71,76,"KUWAIT CITY, KUWAIT","","KUWAIT CITY, KUWAIT ()"
"328","FOXNEWSW","FOX News",2,71,76,"KUWAIT CITY, KUWAIT","","KUWAIT CITY, KUWAIT ()"
"329","MSNBC","MSNBC",6,71,76,"KUWAIT CITY, KUWAIT","","KUWAIT CITY, KUWAIT ()"
"330","CNN","CNN",1,72,1,"MALMO, SWEDEN","October, 2016","MALMO, SWEDEN (October, 2016)"
"331","BLOOMBERG","Bloomberg",5,73,31,"HAMBURG, GERMANY","October, 2016","HAMBURG, GERMANY (October, 2016)"
"332","CNBC","CNBC",1,73,31,"HAMBURG, GERMANY","October, 2016","HAMBURG, GERMANY (October, 2016)"
"333","CNN","CNN",4,73,31,"HAMBURG, GERMANY","October, 2016","HAMBURG, GERMANY (October, 2016)"
"334","FBC","FOX Business",13,73,31,"HAMBURG, GERMANY","October, 2016","HAMBURG, GERMANY (October, 2016)"
"335","FOXNEWSW","FOX News",3,73,31,"HAMBURG, GERMANY","October, 2016","HAMBURG, GERMANY (October, 2016)"
"336","MSNBC","MSNBC",5,73,31,"HAMBURG, GERMANY","October, 2016","HAMBURG, GERMANY (October, 2016)"
"337","CNN","CNN",2,74,5,"MANILA, PHILIPPINES","November, 2016","MANILA, PHILIPPINES (November, 2016)"
"338","FOXNEWSW","FOX News",3,74,5,"MANILA, PHILIPPINES","November, 2016","MANILA, PHILIPPINES (November, 2016)"
"339","BLOOMBERG","Bloomberg",5,75,156,"COLUMBUS, OH, US","November, 2016","COLUMBUS, OH, US (November, 2016)"
"340","CNBC","CNBC",2,75,156,"COLUMBUS, OH, US","November, 2016","COLUMBUS, OH, US (November, 2016)"
"341","CNN","CNN",54,75,156,"COLUMBUS, OH, US","November, 2016","COLUMBUS, OH, US (November, 2016)"
"342","FBC","FOX Business",9,75,156,"COLUMBUS, OH, US","November, 2016","COLUMBUS, OH, US (November, 2016)"
"343","FOXNEWSW","FOX News",50,75,156,"COLUMBUS, OH, US","November, 2016","COLUMBUS, OH, US (November, 2016)"
"344","MSNBC","MSNBC",36,75,156,"COLUMBUS, OH, US","November, 2016","COLUMBUS, OH, US (November, 2016)"
"345","FOXNEWSW","FOX News",1,76,1,"N'DJAMENA, CHAD","November, 2016","N'DJAMENA, CHAD (November, 2016)"
"346","CNBC","CNBC",1,77,3,"KARAK, JORDAN","December, 2016","KARAK, JORDAN (December, 2016)"
"347","CNN","CNN",2,77,3,"KARAK, JORDAN","December, 2016","KARAK, JORDAN (December, 2016)"
"348","BLOOMBERG","Bloomberg",171,78,2470,"BERLIN, GERMANY","December, 2016","BERLIN, GERMANY (December, 2016)"
"349","CNBC","CNBC",70,78,2470,"BERLIN, GERMANY","December, 2016","BERLIN, GERMANY (December, 2016)"
"350","CNN","CNN",757,78,2470,"BERLIN, GERMANY","December, 2016","BERLIN, GERMANY (December, 2016)"
"351","FBC","FOX Business",364,78,2470,"BERLIN, GERMANY","December, 2016","BERLIN, GERMANY (December, 2016)"
"352","FOXNEWSW","FOX News",619,78,2470,"BERLIN, GERMANY","December, 2016","BERLIN, GERMANY (December, 2016)"
"353","MSNBC","MSNBC",489,78,2470,"BERLIN, GERMANY","December, 2016","BERLIN, GERMANY (December, 2016)"
